City_ID,City,Country,Date,Lat,Lng,Max Temp,Humidity,Cloudiness,Wind Speed
0,Rikitea,PF,2021-11-26 17:29:01,-23.1203,-134.9692,75.13,75,87,15.86
1,Luanda,AO,2021-11-26 17:27:40,-8.8368,13.2343,79.54,77,21,12.86
2,Nikolskoye,RU,2021-11-26 17:29:01,59.7035,30.7861,30.09,86,100,5.46
3,Fortuna,US,2021-11-26 17:29:02,40.5982,-124.1573,46.74,87,1,9.22
4,Georgetown,MY,2021-11-26 17:28:24,5.4112,100.3354,80.53,83,20,5.75
5,Norman Wells,CA,2021-11-26 17:29:02,65.282,-126.8329,-9.36,70,90,12.66
6,Sangar,RU,2021-11-26 17:29:02,63.9242,127.4739,-2.76,82,95,15.5
7,Kampong Chhnang,KH,2021-11-26 17:29:03,12.1667,104.55,75.04,82,100,5.66
8,Jamestown,US,2021-11-26 17:25:38,42.097,-79.2353,33.12,93,90,25.32
9,Punta Arenas,CL,2021-11-26 17:27:38,-53.15,-70.9167,51.91,40,90,29.93
10,Sokoto,NG,2021-11-26 17:29:03,13.0609,5.239,89.49,13,0,9.51
11,Chuy,UY,2021-11-26 17:29:04,-33.6971,-53.4616,74.1,66,33,18.05
12,Hobart,AU,2021-11-26 17:29:04,-42.8794,147.3294,42.66,93,2,8.05
13,Kruisfontein,ZA,2021-11-26 17:29:04,-34.0033,24.7314,63.93,77,100,28.7
14,Lukovit,BG,2021-11-26 17:29:05,43.2,24.1667,38.66,72,100,4.32
15,New Norfolk,AU,2021-11-26 17:29:05,-42.7826,147.0587,42.3,94,2,2.01
16,Albany,US,2021-11-26 17:25:55,42.6001,-73.9662,36.18,83,100,13.8
17,Bluff,NZ,2021-11-26 17:29:06,-46.6,168.3333,43.66,83,100,2.24
18,Cape Town,ZA,2021-11-26 17:28:58,-33.9258,18.4232,63.01,82,75,11.5
19,Bengkulu,ID,2021-11-26 17:29:06,-3.8004,102.2655,76.39,88,77,5.39
20,Hermanus,ZA,2021-11-26 17:29:06,-34.4187,19.2345,66.42,84,100,19.35
21,Atuona,PF,2021-11-26 17:25:59,-9.8,-139.0333,78.04,77,6,18.66
22,Saint-Philippe,RE,2021-11-26 17:29:07,-21.3585,55.7679,78.39,88,78,9.53
23,Ushuaia,AR,2021-11-26 17:29:07,-54.8,-68.3,51.42,40,75,17.27
24,Muzhi,RU,2021-11-26 17:29:07,65.3667,64.6667,-5.48,93,40,5.08
25,Calca,PE,2021-11-26 17:29:08,-13.3333,-71.95,60.15,81,100,3.4
26,Leningradskiy,RU,2021-11-26 17:29:08,69.3833,178.4167,-27.15,96,34,3.51
27,Innisfail,AU,2021-11-26 17:29:08,-17.5333,146.0333,74.59,95,100,1.12
28,Qaanaaq,GL,2021-11-26 17:29:09,77.484,-69.3632,10.27,92,100,2.86
29,Yellowknife,CA,2021-11-26 17:29:09,62.456,-114.3525,12.72,92,90,11.5
30,Saint George,US,2021-11-26 17:29:10,37.1041,-113.5841,52.27,41,1,0.0
31,Mataura,NZ,2021-11-26 17:29:10,-46.1927,168.8643,40.19,99,100,0.69
32,Severo-Kurilsk,RU,2021-11-26 17:29:10,50.6789,156.125,34.63,74,92,10.33
33,Saint-Francois,FR,2021-11-26 17:29:11,46.4154,3.9054,38.64,87,0,4.61
34,Tuktoyaktuk,CA,2021-11-26 17:29:11,69.4541,-133.0374,1.4,78,90,23.02
35,Meulaboh,ID,2021-11-26 17:29:11,4.1363,96.1285,76.84,89,72,2.82
36,Hithadhoo,MV,2021-11-26 17:29:11,-0.6,73.0833,81.12,71,76,13.58
37,Castro,BR,2021-11-26 17:29:12,-24.7911,-50.0119,80.4,55,54,16.31
38,Mar Del Plata,AR,2021-11-26 17:24:46,-38.0023,-57.5575,68.22,58,0,14.0
39,Suntar,RU,2021-11-26 17:29:12,62.1444,117.6319,7.88,98,100,1.16
40,Barrow,US,2021-11-26 17:29:13,71.2906,-156.7887,-11.18,77,75,11.5
41,Chokurdakh,RU,2021-11-26 17:29:13,70.6333,147.9167,-29.6,99,82,3.29
42,Borba,BR,2021-11-26 17:29:13,-4.3878,-59.5939,88.11,67,92,1.57
43,Lincoln,US,2021-11-26 17:25:20,40.8,-96.667,48.58,42,1,6.91
44,Kodiak,US,2021-11-26 17:29:14,57.79,-152.4072,15.31,53,1,10.36
45,Tiksi,RU,2021-11-26 17:29:14,71.6872,128.8694,2.41,86,100,5.59
46,Airai,TL,2021-11-26 17:30:14,-8.9266,125.4092,62.17,94,92,0.98
47,Upernavik,GL,2021-11-26 17:30:15,72.7868,-56.1549,21.54,83,91,10.51
48,Jalor,IN,2021-11-26 17:30:15,25.35,72.6167,72.28,26,0,3.04
49,Talnakh,RU,2021-11-26 17:30:15,69.4865,88.3972,0.57,96,100,9.04
50,Narsaq,GL,2021-11-26 17:30:16,60.9167,-46.05,35.82,100,100,4.16
51,Arraial Do Cabo,BR,2021-11-26 17:30:16,-22.9661,-42.0278,84.16,65,40,19.57
52,Longyearbyen,SJ,2021-11-26 17:29:02,78.2186,15.6401,-0.56,55,20,10.36
53,Bay Roberts,CA,2021-11-26 17:30:17,47.5999,-53.2648,49.75,95,100,11.72
54,Carnarvon,AU,2021-11-26 17:30:17,-24.8667,113.6333,73.47,60,0,9.22
55,Yashkul,RU,2021-11-26 17:30:17,46.1711,45.3435,39.6,64,100,13.85
56,La Tuque,CA,2021-11-26 17:27:00,47.4334,-72.7824,32.25,93,100,6.91
57,Vaini,TO,2021-11-26 17:30:18,-21.2,-175.2,73.56,100,40,2.3
58,Provideniya,RU,2021-11-26 17:30:18,64.3833,-173.3,-3.86,80,34,8.61
59,Drezdenko,PL,2021-11-26 17:30:19,52.8383,15.8308,37.4,80,100,4.0
60,Pundaguitan,PH,2021-11-26 17:30:19,6.3711,126.1689,80.96,79,90,8.97
61,Ahipara,NZ,2021-11-26 17:30:19,-35.1667,173.1667,57.45,88,33,4.97
62,Baruun-Urt,MN,2021-11-26 17:30:20,46.6806,113.2792,22.62,69,39,14.52
63,Morehead,US,2021-11-26 17:30:20,37.2711,-87.1764,33.55,47,1,0.0
64,Hilo,US,2021-11-26 17:28:44,19.7297,-155.09,64.13,82,1,5.75
65,Ouesso,CG,2021-11-26 17:30:21,1.6136,16.0517,79.72,62,86,1.74
66,Port Hardy,CA,2021-11-26 17:30:21,50.6996,-127.4199,41.18,93,75,6.91
67,Birin,NP,2021-11-26 17:30:21,26.8865,88.0718,49.06,77,52,3.78
68,Oistins,BB,2021-11-26 17:25:30,13.0667,-59.5333,80.69,83,40,4.61
69,Thompson,CA,2021-11-26 17:26:34,55.7435,-97.8558,12.36,85,90,5.75
70,Bethel,US,2021-11-26 17:30:22,41.3712,-73.414,46.76,75,90,10.36
71,Karlshamn,SE,2021-11-26 17:30:22,56.1706,14.8619,33.91,85,88,10.54
72,Waddan,LY,2021-11-26 17:30:23,29.1614,16.139,68.09,40,7,5.01
73,Kapaa,US,2021-11-26 17:30:23,22.0752,-159.319,75.52,69,20,10.36
74,Price,US,2021-11-26 17:27:12,39.5994,-110.8107,34.86,37,1,3.44
75,Jiaohe,CN,2021-11-26 17:30:23,43.7286,127.3447,9.84,97,16,2.26
76,Tasiilaq,GL,2021-11-26 17:30:24,65.6145,-37.6368,30.36,66,100,6.55
77,Guerrero Negro,MX,2021-11-26 17:30:24,27.9769,-114.0611,72.37,41,1,4.47
78,Bredasdorp,ZA,2021-11-26 17:30:24,-34.5322,20.0403,63.37,91,100,21.05
79,Fairbanks,US,2021-11-26 17:30:03,64.8378,-147.7164,-4.04,74,90,3.44
80,Hamilton,US,2021-11-26 17:26:40,39.1834,-84.5333,33.64,57,75,8.05
81,Tautira,PF,2021-11-26 17:30:25,-17.7333,-149.15,82.42,78,40,18.05
82,Khovu-Aksy,RU,2021-11-26 17:30:25,51.1333,93.6,12.67,93,100,4.29
83,Altay,CN,2021-11-26 17:30:26,47.8667,88.1167,12.61,86,91,5.75
84,Sur,OM,2021-11-26 17:30:26,22.5667,59.5289,76.89,65,4,8.77
85,Darnah,LY,2021-11-26 17:30:26,32.767,22.6367,68.18,81,32,13.24
86,Hasaki,JP,2021-11-26 17:30:27,35.7333,140.8333,45.0,67,21,17.87
87,Lorengau,PG,2021-11-26 17:30:27,-2.0226,147.2712,80.8,76,45,2.48
88,Nouadhibou,MR,2021-11-26 17:30:27,20.931,-17.0347,73.38,83,0,17.27
89,Simpang,ID,2021-11-26 17:30:28,-1.2667,104.0833,75.33,94,94,1.52
90,Pevek,RU,2021-11-26 17:30:28,69.7008,170.3133,-26.81,99,94,5.91
91,Cidreira,BR,2021-11-26 17:30:28,-30.1811,-50.2056,73.74,76,54,13.53
92,Peru,US,2021-11-26 17:31:29,40.7537,-86.0689,30.81,64,75,11.5
93,Avarua,CK,2021-11-26 17:31:29,-21.2078,-159.775,78.85,94,75,2.3
94,Puerto Leguizamo,CO,2021-11-26 17:31:29,-0.1934,-74.7819,88.79,50,95,1.77
95,Littleton,US,2021-11-26 17:26:43,39.6133,-105.0166,61.54,24,20,5.75
96,Porto Novo,BJ,2021-11-26 17:31:30,6.4965,2.6036,81.7,77,26,8.12
97,Padang,ID,2021-11-26 17:31:30,-0.9492,100.3543,77.85,87,91,2.77
98,Puerto Ayora,EC,2021-11-26 17:31:31,-0.7393,-90.3518,78.76,71,66,12.53
99,Zyryanka,RU,2021-11-26 17:31:31,65.75,150.85,-30.91,96,6,6.11
100,Butaritari,KI,2021-11-26 17:31:31,3.0707,172.7902,81.61,75,96,20.85
101,Kavaratti,IN,2021-11-26 17:31:32,10.5669,72.642,82.06,74,99,2.95
102,Roswell,US,2021-11-26 17:29:03,34.0232,-84.3616,48.92,46,1,13.8
103,Port Lincoln,AU,2021-11-26 17:31:32,-34.7333,135.8667,58.39,74,99,14.92
104,Souillac,MU,2021-11-26 17:31:32,-20.5167,57.5167,79.18,73,40,2.3
105,Lebu,CL,2021-11-26 17:31:33,-37.6167,-73.65,59.13,68,3,14.12
106,Esperance,AU,2021-11-26 17:31:33,-33.8667,121.9,57.04,87,39,12.77
107,Leshukonskoye,RU,2021-11-26 17:31:33,64.8989,45.7622,16.97,96,100,4.21
108,Victoria,HK,2021-11-26 17:31:34,22.2855,114.1577,69.85,72,53,15.59
109,Bedele,ET,2021-11-26 17:31:34,8.456,36.353,60.01,56,89,2.8
110,Sao Felix Do Xingu,BR,2021-11-26 17:31:34,-6.6447,-51.995,90.64,50,93,1.9
111,Mineral Wells,US,2021-11-26 17:31:35,32.8085,-98.1128,51.62,43,1,9.22
112,Nome,US,2021-11-26 17:31:35,64.5011,-165.4064,-16.53,69,1,3.44
113,Honiara,SB,2021-11-26 17:31:35,-9.4333,159.95,77.41,84,80,2.1
114,Atambua,ID,2021-11-26 17:31:36,-9.1061,124.8925,76.28,85,100,0.31
115,Am Timan,TD,2021-11-26 17:31:36,11.0297,20.2827,81.81,16,11,5.12
116,Vadgaon,IN,2021-11-26 17:31:37,20.9402,74.8712,75.47,38,9,6.04
117,Neiafu,TO,2021-11-26 17:31:37,-18.65,-173.9833,77.68,94,40,2.3
118,Katobu,ID,2021-11-26 17:31:37,-4.9408,122.5276,76.19,91,100,1.01
119,Ginir,ET,2021-11-26 17:31:38,7.1333,40.7,61.2,55,100,5.64
120,Sao Joao Da Barra,BR,2021-11-26 17:31:36,-21.6403,-41.0511,84.29,78,63,19.28
121,Sao Filipe,CV,2021-11-26 17:31:38,14.8961,-24.4956,78.94,74,71,5.95
122,Lebanon,US,2021-11-26 17:30:13,36.2081,-86.2911,37.45,55,1,0.0
123,Vostok,RU,2021-11-26 17:31:39,46.4856,135.8833,12.25,97,100,3.09
124,Qaqortoq,GL,2021-11-26 17:31:39,60.7167,-46.0333,36.1,99,100,6.98
125,Baiyin,CN,2021-11-26 17:31:39,36.5583,104.2081,22.08,48,56,1.66
126,Puri,IN,2021-11-26 17:31:40,19.8,85.85,73.92,71,0,9.33
127,Marshfield,US,2021-11-26 17:31:40,44.6689,-90.1718,22.73,63,90,6.91
128,Maneadero,MX,2021-11-26 17:31:41,31.7167,-116.5667,73.08,24,0,4.12
129,Katherine,AU,2021-11-26 17:31:41,-14.4667,132.2667,80.92,74,99,8.05
130,Itanhaem,BR,2021-11-26 17:31:41,-24.1831,-46.7889,85.95,55,70,12.06
131,Teguldet,RU,2021-11-26 17:31:41,57.3064,88.1667,5.95,93,100,9.01
132,Grootfontein,NA,2021-11-26 17:31:42,-19.5667,18.1167,85.57,17,0,3.44
133,Tiznit,MA,2021-11-26 17:31:42,29.5833,-9.5,53.55,76,99,5.95
134,Magadan,RU,2021-11-26 17:31:43,59.5667,150.8,-1.03,70,0,7.45
135,Ponta Do Sol,PT,2021-11-26 17:31:43,32.6667,-17.1,63.23,69,69,6.78
136,Rawson,AR,2021-11-26 17:32:43,-43.3002,-65.1023,69.21,44,89,17.13
137,Kharovsk,RU,2021-11-26 17:32:44,59.9642,40.1912,32.54,96,100,11.79
138,Katsuura,JP,2021-11-26 17:32:44,35.1333,140.3,51.91,63,15,11.81
139,Busko-Zdroj,PL,2021-11-26 17:32:44,50.4708,20.7188,38.03,96,100,5.86
140,Ayyampettai,IN,2021-11-26 17:32:45,10.9014,79.1798,77.56,95,100,10.22
141,Klaksvik,FO,2021-11-26 17:32:45,62.2266,-6.589,32.92,80,100,37.96
142,Yulara,AU,2021-11-26 17:32:45,-25.2406,130.9889,62.44,51,0,5.75
143,East London,ZA,2021-11-26 17:32:46,-33.0153,27.9116,65.34,82,20,18.41
144,Saskylakh,RU,2021-11-26 17:32:46,71.9167,114.0833,-15.47,96,91,6.15
145,San Patricio,US,2021-11-26 17:32:46,28.017,-97.5169,58.89,43,100,9.13
146,Madang,PG,2021-11-26 17:32:47,-5.2246,145.7966,76.5,91,100,4.32
147,Poso,ID,2021-11-26 17:32:47,-1.3959,120.7524,76.8,89,93,5.23
148,Romitan,UZ,2021-11-26 17:32:47,39.9343,64.3814,33.75,80,0,9.22
149,Kenora,CA,2021-11-26 17:30:14,49.8167,-94.4337,22.39,49,75,10.36
150,Charters Towers,AU,2021-11-26 17:32:48,-20.1,146.2667,73.11,83,100,6.51
151,Puerto Colombia,CO,2021-11-26 17:32:48,10.9878,-74.9547,86.09,78,100,11.39
152,Zaysan,KZ,2021-11-26 17:32:48,47.4667,84.8667,13.89,85,96,1.95
153,Marzuq,YE,2021-11-26 17:32:49,14.4,46.4667,71.76,45,22,1.16
154,Busselton,AU,2021-11-26 17:30:54,-33.65,115.3333,63.77,74,74,9.51
155,Zonguldak,TR,2021-11-26 17:32:49,41.25,31.8333,49.03,67,91,7.02
156,Kahului,US,2021-11-26 17:32:37,20.8947,-156.47,70.86,73,1,5.75
157,Codrington,AU,2021-11-26 17:32:50,-38.2667,141.9667,49.3,88,20,9.64
158,Malente,DE,2021-11-26 17:32:50,54.1712,10.5552,39.09,91,100,14.29
159,Beira,MZ,2021-11-26 17:32:50,-19.8436,34.8389,77.09,78,40,20.71
160,Contamana,PE,2021-11-26 17:32:51,-7.3333,-75.0167,98.08,34,76,4.5
161,Kontagora,NG,2021-11-26 17:32:51,10.3999,5.4695,83.52,16,5,3.85
162,Port Elizabeth,ZA,2021-11-26 17:29:34,-33.918,25.5701,64.69,77,20,25.32
163,Emirdag,TR,2021-11-26 17:32:51,39.0197,31.15,50.05,69,78,9.4
164,Rabo De Peixe,PT,2021-11-26 17:32:52,37.8,-25.5833,62.11,59,20,18.41
165,Isangel,VU,2021-11-26 17:32:52,-19.55,169.2667,76.42,86,9,6.85
166,Teacapan,MX,2021-11-26 17:32:52,22.55,-105.75,80.55,48,96,3.33
167,Port Alfred,ZA,2021-11-26 17:32:53,-33.5906,26.891,65.73,80,97,35.14
168,Jinxi,CN,2021-11-26 17:32:53,30.4323,116.2922,48.74,55,8,5.32
169,Tual,ID,2021-11-26 17:32:54,-5.6667,132.75,84.47,68,98,6.29
170,Marigot,MF,2021-11-26 17:32:54,18.0667,-63.0833,78.58,91,75,13.8
171,Ville-Marie,CA,2021-11-26 17:30:07,47.3335,-79.433,14.0,91,100,13.35
172,Darhan,MN,2021-11-26 17:32:54,49.4867,105.9228,16.77,92,69,4.63
173,Ilulissat,GL,2021-11-26 17:32:55,69.2167,-51.1,21.22,79,75,3.44
174,Arganil,PT,2021-11-26 17:32:55,40.2183,-8.054,44.13,72,9,3.27
175,Avera,US,2021-11-26 17:32:55,33.194,-82.5271,60.31,26,21,12.95
176,Madison Heights,US,2021-11-26 17:32:56,42.4859,-83.1052,32.27,69,90,13.8
177,Manuk Mangkaw,PH,2021-11-26 17:32:56,4.8,119.85,81.97,81,91,10.16
178,Samarkand,UZ,2021-11-26 17:30:47,39.6542,66.9597,33.22,86,48,16.11
179,Dalton,US,2021-11-26 17:31:23,34.7698,-84.9702,46.89,53,1,11.5
180,Mount Isa,AU,2021-11-26 17:31:08,-20.7333,139.5,73.17,56,19,8.05
181,Sitka,US,2021-11-26 17:32:57,57.0531,-135.33,37.29,70,75,17.27
182,Sisimiut,GL,2021-11-26 17:32:57,66.9395,-53.6735,25.74,65,100,8.14
183,Dire,ML,2021-11-26 17:33:58,12.2833,-10.9667,88.72,20,73,2.26
184,Kaitangata,NZ,2021-11-26 17:33:58,-46.2817,169.8464,43.05,93,100,3.4
185,Lakes Entrance,AU,2021-11-26 17:33:58,-37.8811,147.981,54.91,75,100,12.03
186,El Alto,PE,2021-11-26 17:33:59,-4.2714,-81.2147,73.06,67,93,17.11
187,Erenhot,CN,2021-11-26 17:33:59,43.6475,111.9767,26.62,66,4,11.03
188,Vao,NC,2021-11-26 17:33:59,-22.6667,167.4833,75.45,88,43,13.49
189,Winnemucca,US,2021-11-26 17:33:59,40.973,-117.7357,35.65,51,1,4.61
190,Marsh Harbour,BS,2021-11-26 17:34:00,26.5412,-77.0636,74.25,56,94,3.74
191,Tabuk,PH,2021-11-26 17:34:00,17.4189,121.4443,72.68,96,98,1.97
192,Ipixuna,BR,2021-11-26 17:34:00,-1.7625,-48.8043,85.95,83,94,2.98
193,Lensk,RU,2021-11-26 17:34:01,60.7253,114.9278,18.14,91,100,17.78
194,Itamarandiba,BR,2021-11-26 17:34:01,-17.8572,-42.8589,79.16,48,100,1.01
195,Seoul,KR,2021-11-26 17:32:12,37.5683,126.9778,35.04,75,0,1.14
196,Raduzhnyy,RU,2021-11-26 17:34:02,62.0961,77.475,9.28,94,100,9.24
197,Invermere,CA,2021-11-26 17:34:02,50.5167,-116.0354,38.7,81,84,5.5
198,Ancud,CL,2021-11-26 17:34:02,-41.8697,-73.8203,56.73,59,100,10.58
199,Whitehorse,CA,2021-11-26 17:34:03,60.7161,-135.0538,14.77,79,75,17.27
200,Donskoye,RU,2021-11-26 17:34:03,45.4552,41.9741,33.93,89,3,10.07
201,Tenenkou,ML,2021-11-26 17:34:03,14.4572,-4.9169,89.17,16,75,7.45
202,Seymchan,RU,2021-11-26 17:34:04,62.8833,152.4333,-41.22,100,73,0.36
203,Bosobolo,CD,2021-11-26 17:34:04,4.1833,19.9,76.93,53,66,2.53
204,Pascagoula,US,2021-11-26 17:34:05,30.3658,-88.5561,57.24,54,1,12.66
205,Coquimbo,CL,2021-11-26 17:34:05,-29.9533,-71.3436,65.93,68,75,12.66
206,Placido De Castro,BR,2021-11-26 17:34:05,-10.3353,-67.1856,96.24,38,78,4.85
207,Saint-Georges,GD,2021-11-26 17:34:06,12.0564,-61.7485,82.08,83,75,0.0
208,Aykhal,RU,2021-11-26 17:34:06,66.0,111.5,-0.72,99,100,3.98
209,Jishu,CN,2021-11-26 17:34:06,44.3167,126.8,9.03,97,48,4.07
210,Kawalu,ID,2021-11-26 17:34:07,-7.3817,108.2082,72.57,94,99,1.81
211,Barcelona,ES,2021-11-26 17:31:45,41.3888,2.159,51.31,62,0,6.91
212,Arlit,NE,2021-11-26 17:34:07,18.7369,7.3853,82.87,16,2,9.35
213,Kargasok,RU,2021-11-26 17:34:07,59.0556,80.8572,8.71,87,100,13.56
214,Karasjok,NO,2021-11-26 17:34:08,69.4719,25.5112,8.71,95,100,1.54
215,Maceio,BR,2021-11-26 17:32:43,-9.6658,-35.7353,90.84,55,40,11.5
216,Buraydah,SA,2021-11-26 17:34:08,26.326,43.975,75.65,35,4,12.28
217,Qingdao,CN,2021-11-26 17:30:15,36.0986,120.3719,35.2,87,0,2.24
218,Hilton Head Island,US,2021-11-26 17:29:57,32.2163,-80.7526,66.31,63,40,9.22
219,Tuy Hoa,VN,2021-11-26 17:34:09,13.0833,109.3,72.45,90,100,13.89
220,Cayenne,GF,2021-11-26 17:30:04,4.9333,-52.3333,89.64,58,40,3.44
221,Kulhudhuffushi,MV,2021-11-26 17:34:09,6.6221,73.07,81.41,75,100,6.08
222,San Quintin,MX,2021-11-26 17:34:10,30.4833,-115.95,72.34,31,0,5.46
223,Ambon,ID,2021-11-26 17:34:10,-3.6954,128.1814,81.77,78,96,4.36
224,Tilichiki,RU,2021-11-26 17:34:10,60.4667,166.1,-13.0,98,26,8.03
225,San,ML,2021-11-26 17:30:58,13.3034,-4.8956,90.59,14,78,7.83
226,Seydi,TM,2021-11-26 17:34:11,39.4816,62.9137,35.26,36,15,11.1
227,Evensk,RU,2021-11-26 17:34:12,61.95,159.2333,-9.49,82,5,10.36
228,Chapais,CA,2021-11-26 17:34:12,49.7834,-74.8492,24.58,92,100,10.71
229,Christchurch,NZ,2021-11-26 17:30:14,-43.5333,172.6333,57.4,88,40,8.05
230,Kyaikto,MM,2021-11-26 17:35:12,17.3,97.0167,76.01,84,53,4.7
231,Fort Nelson,CA,2021-11-26 17:30:13,58.8053,-122.7002,30.76,54,100,12.59
232,Thunder Bay,CA,2021-11-26 17:31:28,48.4001,-89.3168,17.58,57,75,0.0
233,Camacha,PT,2021-11-26 17:35:13,33.0833,-16.3333,62.02,63,40,13.8
234,Cabra,ES,2021-11-26 17:35:13,37.4725,-4.4421,51.24,68,8,0.98
235,Pathein,MM,2021-11-26 17:35:14,16.7833,94.7333,74.55,90,97,3.83
236,Rio Grande,BR,2021-11-26 17:35:15,-32.035,-52.0986,82.51,77,65,22.28
237,Hofn,IS,2021-11-26 17:35:15,64.2539,-15.2082,26.62,54,20,3.44
238,Cagliliog,PH,2021-11-26 17:35:16,13.9016,123.2913,78.57,89,98,7.07
239,Yuzhno-Kurilsk,RU,2021-11-26 17:35:16,44.0306,145.8556,38.73,83,97,21.5
240,Lapi,PH,2021-11-26 17:35:17,17.716,121.8978,73.44,96,99,2.55
241,Basco,PH,2021-11-26 17:35:17,20.4487,121.9702,78.22,82,69,18.3
242,Soyo,AO,2021-11-26 17:35:18,-6.1349,12.3689,84.25,83,44,11.48
243,Cam Ranh,VN,2021-11-26 17:35:18,11.9214,109.1591,75.16,73,75,10.36
244,Behshahr,IR,2021-11-26 17:35:19,36.6923,53.5526,46.35,83,47,3.22
245,Zhangjiakou,CN,2021-11-26 17:35:19,40.81,114.8794,27.39,56,0,1.21
246,Qui Nhon,VN,2021-11-26 17:35:20,13.7667,109.2333,73.71,83,100,19.53
247,Aklavik,CA,2021-11-26 17:35:20,68.2191,-135.0107,2.12,84,90,18.41
248,Edinburg,GB,2021-11-26 17:34:01,55.9521,-3.1965,38.68,81,90,12.66
249,Mahebourg,MU,2021-11-26 17:35:21,-20.4081,57.7,79.09,73,40,2.3
250,Havre-Saint-Pierre,CA,2021-11-26 17:35:21,50.2334,-63.5986,46.76,100,90,8.05
251,Cairns,AU,2021-11-26 17:31:25,-16.9167,145.7667,75.15,94,97,2.3
252,Swan Hill,AU,2021-11-26 17:35:22,-35.3378,143.5544,53.11,73,46,11.5
253,Chase,CA,2021-11-26 17:35:22,50.8165,-119.6857,40.08,94,94,2.44
254,Dikson,RU,2021-11-26 17:35:23,73.5069,80.5464,-8.75,100,100,8.19
255,Eureka,US,2021-11-26 17:33:50,40.8021,-124.1637,47.01,44,72,3.76
256,Saldanha,ZA,2021-11-26 17:35:23,-33.0117,17.9442,62.65,89,100,8.77
257,Boguchany,RU,2021-11-26 17:35:23,58.3814,97.4531,6.42,90,100,8.05
258,Nanortalik,GL,2021-11-26 17:35:24,60.1432,-45.2371,42.24,99,100,12.62
259,Bilibino,RU,2021-11-26 17:35:24,68.0546,166.4372,-34.96,99,12,4.07
260,Zharkent,KZ,2021-11-26 17:35:25,44.1628,80.0,29.77,77,71,3.29
261,Beian,NO,2021-11-26 17:35:25,63.6559,9.5683,26.69,93,75,5.75
262,Torbay,CA,2021-11-26 17:35:25,47.6666,-52.7314,48.97,100,75,10.36
263,Rudsar,IR,2021-11-26 17:35:26,37.1376,50.288,53.58,85,46,1.9
264,Iqaluit,CA,2021-11-26 17:35:26,63.7506,-68.5145,19.13,79,75,5.75
265,Grindavik,IS,2021-11-26 17:35:26,63.8424,-22.4338,25.27,68,0,1.14
266,Coihaique,CL,2021-11-26 17:31:28,-45.5752,-72.0662,57.81,50,75,8.05
267,Antalaha,MG,2021-11-26 17:35:27,-14.9003,50.2788,75.45,85,100,5.3
268,Khasan,RU,2021-11-26 17:35:27,42.4308,130.6434,27.9,57,3,19.98
269,Athabasca,CA,2021-11-26 17:35:28,54.7169,-113.2854,38.89,71,97,10.67
270,Westport,US,2021-11-26 17:33:56,41.1415,-73.3579,48.18,81,90,20.71
271,Pudozh,RU,2021-11-26 17:35:28,61.8099,36.5345,26.8,94,99,6.87
272,Preobrazheniye,RU,2021-11-26 17:35:29,42.9019,133.9064,26.4,64,68,10.02
273,Dehloran,IR,2021-11-26 17:35:29,32.6941,47.2679,69.96,30,86,3.49
274,Panaba,MX,2021-11-26 17:35:30,21.2833,-88.2667,81.01,60,24,9.42
275,Mana,GF,2021-11-26 17:35:30,5.6592,-53.7767,82.51,77,97,8.7
276,Palora,EC,2021-11-26 17:35:30,-1.7,-77.9333,84.18,53,96,5.03
277,Takapau,NZ,2021-11-26 17:36:31,-40.0333,176.35,55.13,81,65,5.53
278,Labuhan,ID,2021-11-26 17:36:32,-6.8844,112.2051,79.36,86,100,8.48
279,Vanimo,PG,2021-11-26 17:36:32,-2.6741,141.3028,77.58,87,100,1.36
280,Komsomolskiy,UZ,2021-11-26 17:36:32,40.4272,71.7189,42.22,60,75,2.3
281,Elizabeth City,US,2021-11-26 17:36:33,36.2946,-76.2511,59.02,50,20,14.97
282,Saint-Augustin,CA,2021-11-26 17:36:33,51.226,-58.6502,42.49,97,100,13.2
283,Sola,VU,2021-11-26 17:36:33,-13.8833,167.55,80.53,76,27,12.19
284,Wixom,US,2021-11-26 17:36:34,42.5248,-83.5363,31.19,74,90,19.57
285,Eyl,SO,2021-11-26 17:36:34,7.9803,49.8164,79.81,78,99,12.8
286,Ixtapa,MX,2021-11-26 17:36:35,20.7,-105.2,79.83,54,1,8.05
287,Naze,JP,2021-11-26 17:36:35,28.3667,129.4833,61.45,57,94,16.6
288,College,US,2021-11-26 17:36:35,64.8569,-147.8028,-4.05,74,90,4.61
289,Oranjestad,AW,2021-11-26 17:36:36,12.524,-70.027,85.95,66,20,14.97
290,Zyrardow,PL,2021-11-26 17:36:36,52.0488,20.446,35.4,99,100,6.82
291,Logstor,DK,2021-11-26 17:36:36,56.9624,9.2583,40.78,83,100,20.13
292,Honningsvag,NO,2021-11-26 17:36:37,70.9821,25.9704,24.55,68,0,18.41
293,Gold Coast,AU,2021-11-26 17:36:37,-28.0,153.4333,69.87,100,90,10.36
294,Fergus Falls,US,2021-11-26 17:32:50,46.283,-96.0776,30.18,55,1,13.8
295,Samarai,PG,2021-11-26 17:36:38,-10.6167,150.6667,81.05,76,86,3.09
296,Tura,IN,2021-11-26 17:36:38,25.5198,90.2201,59.09,80,0,3.44
297,Katete,UG,2021-11-26 17:36:39,-0.7818,29.7544,61.47,97,99,2.01
298,Berbera,SO,2021-11-26 17:36:39,10.4396,45.0143,81.46,75,65,5.68
299,Khani,GE,2021-11-26 17:36:39,41.9563,42.9566,38.77,80,51,4.25
300,Nikolayevsk-Na-Amure,RU,2021-11-26 17:36:40,53.1406,140.73,20.86,98,100,3.4
301,Potsdam,DE,2021-11-26 17:36:40,52.3989,13.0657,37.53,80,89,8.08
302,Moree,AU,2021-11-26 17:36:40,-29.4667,149.85,68.02,88,75,5.75
303,Lompoc,US,2021-11-26 17:36:41,34.6391,-120.4579,57.92,38,1,0.0
304,Rio Cuarto,AR,2021-11-26 17:35:51,-33.1307,-64.3499,87.57,20,0,18.41
305,Deputatskiy,RU,2021-11-26 17:36:41,69.3,139.9,-22.13,90,90,2.8
306,Nata,PA,2021-11-26 17:36:41,8.3333,-80.5167,78.67,68,100,3.27
307,Hammerfest,NO,2021-11-26 17:36:42,70.6634,23.6821,21.65,68,0,9.22
308,Arya,PK,2021-11-26 17:36:43,33.6,73.0667,60.03,36,66,4.56
309,Havoysund,NO,2021-11-26 17:36:43,70.9963,24.6622,25.03,69,100,15.75
310,Anadyr,RU,2021-11-26 17:36:43,64.75,177.4833,-16.1,76,0,6.71
311,Noumea,NC,2021-11-26 17:36:44,-22.2763,166.4572,71.58,86,19,7.96
312,Krasnoselkup,RU,2021-11-26 17:36:44,65.7,82.4667,-4.7,97,99,12.84
313,Salair,RU,2021-11-26 17:36:44,54.2312,85.7972,4.35,94,92,10.02
314,Birjand,IR,2021-11-26 17:36:45,32.8663,59.2211,46.87,46,0,4.61
315,Namibe,AO,2021-11-26 17:32:22,-15.1961,12.1522,70.59,64,7,13.56
316,Moron,AR,2021-11-26 17:36:45,-34.6534,-58.6198,85.89,33,1,12.44
317,Mao,ES,2021-11-26 17:36:46,39.8885,4.2658,52.36,76,20,5.75
318,Muravlenko,RU,2021-11-26 17:36:46,63.7898,74.523,-5.75,98,81,11.01
319,Esmeraldas,BR,2021-11-26 17:36:47,-19.7625,-44.3139,91.51,73,98,5.68
320,Manokwari,ID,2021-11-26 17:37:47,-0.8667,134.0833,78.17,81,94,5.41
321,Camocim,BR,2021-11-26 17:37:48,-2.9022,-40.8411,88.63,57,85,20.02
322,Saint Anthony,US,2021-11-26 17:37:48,45.0205,-93.218,31.93,35,75,10.36
323,Alekseyevsk,RU,2021-11-26 17:37:48,57.8406,108.3492,15.35,93,100,11.45
324,Egvekinot,RU,2021-11-26 17:37:49,66.3167,-179.1667,-19.62,88,24,10.22
325,Mitsamiouli,KM,2021-11-26 17:37:49,-11.3847,43.2844,80.89,83,20,13.8
326,Verkhnyaya Inta,RU,2021-11-26 17:37:49,65.9811,60.3094,-1.89,82,86,9.62
327,Vardo,NO,2021-11-26 17:37:50,70.3705,31.1107,15.55,73,0,9.22
328,Hays,US,2021-11-26 17:37:50,30.0502,-98.0336,54.05,32,100,8.32
329,Puerto Escondido,MX,2021-11-26 17:37:50,15.85,-97.0667,83.23,69,1,3.44
330,Cabedelo,BR,2021-11-26 17:37:51,-6.9811,-34.8339,88.47,67,43,12.8
331,Pindorama,BR,2021-11-26 17:37:51,-21.1858,-48.9072,80.65,85,97,10.54
332,Kisangani,CD,2021-11-26 17:37:51,0.5167,25.2,70.79,98,80,6.67
333,Port-Gentil,GA,2021-11-26 17:37:52,-0.7193,8.7815,80.56,89,40,12.66
334,Dakar,SN,2021-11-26 17:34:21,14.6937,-17.4441,94.08,74,0,6.91
335,Mecca,SA,2021-11-26 17:37:52,21.4267,39.8261,78.84,64,0,3.67
336,Wanparti,IN,2021-11-26 17:37:52,16.3667,78.0667,69.22,70,87,8.03
337,Bathsheba,BB,2021-11-26 17:37:53,13.2167,-59.5167,81.21,83,40,4.61
338,Tahara,JP,2021-11-26 17:37:53,34.6667,137.2667,49.95,56,8,22.77
339,Karratha,AU,2021-11-26 17:37:54,-20.7377,116.8463,80.37,43,31,9.48
340,Clinton,US,2021-11-26 17:37:54,42.587,-82.9199,32.32,80,90,16.11
341,Saint-Leu,RE,2021-11-26 17:37:54,-21.15,55.2833,77.86,86,55,11.92
342,Alghero,IT,2021-11-26 17:34:04,40.5589,8.3181,57.29,62,20,10.36
343,San Antonio,US,2021-11-26 17:32:55,29.4241,-98.4936,58.19,33,40,6.91
344,Tena,EC,2021-11-26 17:37:55,-0.9833,-77.8167,86.76,52,90,5.1
345,Cabo San Lucas,MX,2021-11-26 17:37:55,22.8909,-109.9124,76.3,68,90,6.91
346,Castle Rock,US,2021-11-26 17:37:56,39.3722,-104.8561,62.11,19,2,3.6
347,Jiaozuo,CN,2021-11-26 17:37:56,35.2397,113.2331,45.43,50,80,3.53
348,Porto Torres,IT,2021-11-26 17:37:56,40.835,8.3972,57.38,71,92,23.38
349,Kaoma,ZM,2021-11-26 17:37:57,-14.7833,24.8,67.6,77,59,5.59
350,Yeniseysk,RU,2021-11-26 17:37:57,58.4497,92.1703,7.74,92,100,6.98
351,Ribeira Grande,PT,2021-11-26 17:37:58,38.5167,-28.7,64.8,59,40,20.71
352,Salalah,OM,2021-11-26 17:37:58,17.0151,54.0924,80.69,50,0,4.61
353,Lagoa,PT,2021-11-26 17:37:58,39.05,-27.9833,61.88,65,42,24.45
354,Batagay-Alyta,RU,2021-11-26 17:37:59,67.8006,130.4114,-21.62,83,35,4.0
355,Kudahuvadhoo,MV,2021-11-26 17:37:59,2.6708,72.8944,81.43,74,80,14.0
356,Prudentopolis,BR,2021-11-26 17:37:59,-25.2131,-50.9778,84.9,35,51,8.7
357,Constitucion,CL,2021-11-26 17:38:00,-35.3333,-72.4167,64.11,60,8,16.46
358,Mount Gambier,AU,2021-11-26 17:34:11,-37.8333,140.7667,48.11,93,19,8.05
359,Hualmay,PE,2021-11-26 17:38:00,-11.0964,-77.6139,71.1,74,65,12.28
360,Bucerias,MX,2021-11-26 17:38:01,20.75,-105.3333,80.58,54,1,8.05
361,Linxia,CN,2021-11-26 17:38:01,35.6003,103.2064,35.04,51,96,2.15
362,Samana,DO,2021-11-26 17:38:01,19.2056,-69.3369,80.56,94,75,4.61
363,Kirovsk,UA,2021-11-26 17:38:02,48.6375,38.6428,29.39,87,3,6.69
364,Dhidhdhoo,MV,2021-11-26 17:38:02,6.8833,73.1,81.23,76,100,5.61
365,Gondanglegi,ID,2021-11-26 17:38:03,-7.7479,112.0132,76.24,89,100,4.56
366,Lashio,MM,2021-11-26 17:38:03,22.9333,97.75,55.62,96,0,1.43
367,Suicheng,CN,2021-11-26 17:39:04,33.8963,117.9331,43.83,75,2,6.33
368,Alice Springs,AU,2021-11-26 17:39:04,-23.7,133.8833,58.55,82,0,0.0
369,Huntsville,US,2021-11-26 17:34:19,34.7304,-86.5861,40.8,54,1,8.05
370,Zhuhai,CN,2021-11-26 17:39:04,22.2769,113.5678,69.58,88,0,6.91
371,Berlevag,NO,2021-11-26 17:39:05,70.8578,29.0864,15.8,57,0,8.05
372,Broken Hill,AU,2021-11-26 17:39:05,-31.95,141.4333,58.71,88,90,13.8
373,Bambous Virieux,MU,2021-11-26 17:39:06,-20.3428,57.7575,79.05,73,40,2.3
374,Mindelo,CV,2021-11-26 17:39:06,16.8901,-24.9804,81.95,61,20,17.27
375,Tuatapere,NZ,2021-11-26 17:39:06,-46.1333,167.6833,41.27,95,100,2.55
376,Turukhansk,RU,2021-11-26 17:39:07,65.8167,87.9833,4.78,95,100,13.0
377,Coreau,BR,2021-11-26 17:39:07,-3.5333,-40.6567,98.44,26,69,3.56
378,Antofagasta,CL,2021-11-26 17:39:08,-23.65,-70.4,67.28,65,58,9.19
379,Kralendijk,BQ,2021-11-26 17:39:08,12.15,-68.2667,87.78,58,40,10.36
380,Teya,RU,2021-11-26 17:39:08,60.3778,92.6267,3.36,90,96,9.28
381,Alofi,NU,2021-11-26 17:39:09,-19.0595,-169.9187,71.49,100,81,1.14
382,Diplo,PK,2021-11-26 17:39:09,24.4667,69.584,76.53,44,0,7.16
383,Yumen,CN,2021-11-26 17:39:09,40.2833,97.2,28.85,24,1,4.76
384,Ust-Maya,RU,2021-11-26 17:39:10,60.4167,134.5333,-20.06,98,14,2.08
385,Waipawa,NZ,2021-11-26 17:39:10,-41.4122,175.5153,61.43,75,43,11.52
386,Bereda,ES,2021-11-26 17:39:11,43.2686,-7.5406,46.15,97,93,3.53
387,Batemans Bay,AU,2021-11-26 17:39:11,-35.7167,150.1833,55.51,86,100,14.47
388,Midland,US,2021-11-26 17:39:12,31.9974,-102.0779,56.75,21,1,4.61
389,Pag,HR,2021-11-26 17:39:12,44.445,15.0575,52.38,85,99,5.99
390,Ligayan,PH,2021-11-26 17:39:12,4.6533,119.4706,82.0,81,94,13.09
391,Minab,IR,2021-11-26 17:39:13,27.1467,57.0801,78.3,53,0,1.86
392,Guiratinga,BR,2021-11-26 17:39:13,-16.3494,-53.7583,83.52,64,75,7.9
393,Dunedin,NZ,2021-11-26 17:39:14,-45.8742,170.5036,45.07,92,100,7.63
394,Nobres,BR,2021-11-26 17:39:14,-14.7203,-56.3275,79.93,77,100,3.58
395,Thinadhoo,MV,2021-11-26 17:39:14,0.5333,72.9333,81.27,70,55,14.67
396,Faanui,PF,2021-11-26 17:39:15,-16.4833,-151.75,81.91,70,18,20.98
397,Kigoma,TZ,2021-11-26 17:39:15,-4.8769,29.6267,74.84,74,93,2.04
398,Florianopolis,BR,2021-11-26 17:39:16,-27.6146,-48.5012,72.63,88,75,11.5
399,Lukovetskiy,RU,2021-11-26 17:39:16,64.2956,41.9211,17.58,95,100,3.42
400,Henties Bay,NA,2021-11-26 17:39:16,-22.116,14.2845,61.2,87,2,8.88
401,Alaca,TR,2021-11-26 17:39:17,40.1683,34.8425,44.55,76,34,4.63
402,La Asuncion,VE,2021-11-26 17:39:17,11.0333,-63.8628,85.73,70,46,13.8
403,Bellevue,US,2021-11-26 17:39:17,47.6104,-122.2007,51.39,87,90,8.05
404,Odweyne,SO,2021-11-26 17:39:18,9.4092,45.064,71.11,70,66,8.84
405,Stege,DK,2021-11-26 17:39:18,54.987,12.2846,39.6,86,100,17.54
406,Flinders,AU,2021-11-26 17:39:18,-34.5833,150.8552,58.28,89,100,19.89
407,Itarema,BR,2021-11-26 17:39:19,-2.9248,-39.9167,87.58,58,69,16.82
408,Akdepe,TM,2021-11-26 17:39:19,42.0551,59.3788,26.69,40,9,10.33
409,Fuxin,CN,2021-11-26 17:39:19,42.0156,121.6589,17.78,96,14,1.16
410,Mamallapuram,IN,2021-11-26 17:39:20,12.6264,80.1722,78.85,91,100,16.8
411,Prado,BR,2021-11-26 17:39:20,-17.3411,-39.2208,78.4,59,92,10.13
412,Praia,CV,2021-11-26 17:40:20,14.9215,-23.5087,90.14,31,0,11.5
413,Tepetzintla,MX,2021-11-26 17:40:21,21.1667,-97.8333,61.9,87,100,8.97
414,Wahiawa,US,2021-11-26 17:39:50,21.5028,-158.0236,70.12,82,1,5.75
415,Caravelas,BR,2021-11-26 17:40:21,-17.7125,-39.2481,80.55,52,90,9.73
416,Gimli,CA,2021-11-26 17:40:22,50.6336,-96.9907,21.22,68,98,17.27
417,Morro Bay,US,2021-11-26 17:40:22,35.3658,-120.8499,54.16,34,100,4.36
418,Vestmannaeyjar,IS,2021-11-26 17:40:22,63.4427,-20.2734,29.39,54,0,20.71
419,Canto Do Buriti,BR,2021-11-26 17:40:23,-8.11,-42.9444,85.98,55,84,3.6
420,Jalu,LY,2021-11-26 17:40:23,29.0331,21.5482,72.72,35,0,10.42
421,Geraldton,AU,2021-11-26 17:40:23,-28.7667,114.6,66.61,39,0,10.36
422,Mugumu,TZ,2021-11-26 17:40:24,-1.85,34.7,65.16,64,100,3.89
423,Miraflores,MX,2021-11-26 17:40:24,19.2167,-98.8083,65.16,37,7,2.66
424,Te Anau,NZ,2021-11-26 17:40:25,-45.4167,167.7167,40.71,97,100,3.06
425,Bela Vista,BR,2021-11-26 17:40:25,-22.1089,-56.5211,92.5,52,32,4.45
426,Goure,NE,2021-11-26 17:40:26,13.9835,10.2704,81.5,11,0,8.97
427,Hambantota,LK,2021-11-26 17:40:26,6.1241,81.1185,78.67,88,100,7.83
428,Balkhash,KZ,2021-11-26 17:40:26,46.844,74.9804,20.59,65,75,4.68
429,Billings,US,2021-11-26 17:40:27,45.7833,-108.5007,51.57,27,75,16.11
430,Nuuk,GL,2021-11-26 17:40:27,64.1835,-51.7216,32.61,100,90,4.61
431,Mantua,IT,2021-11-26 17:40:27,45.1667,10.7833,45.64,88,63,3.53
432,Zyryanovsk,KZ,2021-11-26 17:40:28,49.7386,84.2719,-2.54,99,100,0.6
433,Ifanadiana,MG,2021-11-26 17:40:28,-21.3,47.6333,64.74,98,100,1.63
434,Santa Maria Da Vitoria,BR,2021-11-26 17:40:28,-13.3947,-44.1886,92.88,30,92,0.81
435,Palmer,US,2021-11-26 17:40:29,42.1584,-72.3287,43.41,93,90,8.05
436,Camana,PE,2021-11-26 17:40:29,-16.6228,-72.7111,70.3,71,90,7.14
437,Machali,CL,2021-11-26 17:40:29,-34.1833,-70.6667,78.08,38,0,9.22
438,Wuda,CN,2021-11-26 17:40:30,39.4994,106.7117,34.66,41,0,10.8
439,Cradock,ZA,2021-11-26 17:40:30,-32.1642,25.6192,68.07,56,91,17.98
440,Fort Dodge,US,2021-11-26 17:38:03,42.4975,-94.168,33.89,55,1,12.66
441,Burnham,US,2021-11-26 17:40:30,41.6389,-87.5567,26.78,50,1,0.0
442,Husavik,IS,2021-11-26 17:40:31,66.0449,-17.3389,17.51,84,64,10.67
443,Angoche,MZ,2021-11-26 17:40:31,-16.2325,39.9086,78.19,70,84,15.41
444,Polewali,ID,2021-11-26 17:40:31,-3.4324,119.3435,77.79,87,100,2.44
445,Mahibadhoo,MV,2021-11-26 17:40:32,3.7833,72.9667,81.54,78,79,14.03
446,Zhangye,CN,2021-11-26 17:40:32,38.9342,100.4517,31.8,25,0,1.36
447,Lavrentiya,RU,2021-11-26 17:40:32,65.5833,-171.0,-10.91,94,82,7.49
448,Sydney,AU,2021-11-26 17:39:34,-33.8679,151.2073,61.9,82,90,26.46
449,Jaypur,IN,2021-11-26 17:40:33,18.85,82.5833,64.49,75,21,3.62
450,Petukhovo,RU,2021-11-26 17:40:33,55.0692,67.9019,15.76,90,82,12.48
451,Kokstad,ZA,2021-11-26 17:40:34,-30.5472,29.4241,51.51,95,98,4.32
452,Veinticinco De Mayo,AR,2021-11-26 17:40:34,-35.4323,-60.1727,90.5,22,0,7.9
453,Sherbakul,RU,2021-11-26 17:40:34,54.6316,72.3963,4.68,93,93,11.45
454,Rivadavia,AR,2021-11-26 17:40:35,-33.1905,-68.4608,86.47,15,0,13.85
455,Makakilo City,US,2021-11-26 17:40:35,21.3469,-158.0858,71.92,65,1,4.61
456,Nyimba,ZM,2021-11-26 17:41:35,-14.5566,30.8149,70.59,73,97,6.82
457,Belinskiy,RU,2021-11-26 17:41:36,52.9647,43.4165,25.59,81,5,14.36
458,Ola,RU,2021-11-26 17:41:36,59.5833,151.2833,-4.97,85,2,9.4
459,Ampanihy,MG,2021-11-26 17:41:36,-24.7,44.75,64.8,58,0,12.3
460,Stornoway,GB,2021-11-26 17:41:37,58.2093,-6.3865,40.96,65,40,42.57
461,Kingston,JM,2021-11-26 17:39:07,17.997,-76.7936,88.75,58,20,10.36
462,Micheweni,TZ,2021-11-26 17:41:37,-4.9667,39.8333,80.98,80,44,10.18
463,Lodingen,NO,2021-11-26 17:41:38,68.414,15.9951,22.91,80,64,6.78
464,Tecoanapa,MX,2021-11-26 17:41:38,16.5167,-98.75,84.61,63,0,7.54
465,Port Moresby,PG,2021-11-26 17:41:38,-9.4431,147.1797,74.62,100,75,3.44
466,Ekimchan,RU,2021-11-26 17:41:39,53.0667,132.9667,0.27,100,99,1.86
467,Pisco,PE,2021-11-26 17:41:39,-13.7,-76.2167,68.05,83,20,10.36
468,Weligama,LK,2021-11-26 17:41:39,5.9667,80.4167,77.9,89,97,3.47
469,Verkhnevilyuysk,RU,2021-11-26 17:41:40,63.4453,120.3167,5.14,95,100,9.71
470,Haines Junction,CA,2021-11-26 17:41:40,60.7522,-137.5108,-13.05,77,97,5.75
471,Novyy Nekouz,RU,2021-11-26 17:41:41,57.9029,38.07,33.62,90,100,13.98
472,Touros,BR,2021-11-26 17:37:58,-5.1989,-35.4608,88.7,64,29,15.93
473,Albion,US,2021-11-26 17:41:41,42.2431,-84.753,29.21,69,90,10.36
474,Mvangue,CM,2021-11-26 17:41:41,2.9667,11.5167,72.0,79,92,2.15
475,Rio Claro,BR,2021-11-26 17:39:50,-22.4114,-47.5614,73.22,88,100,6.89
476,Baijiantan,CN,2021-11-26 17:41:42,45.6333,85.1833,32.38,38,97,16.46
477,Urumqi,CN,2021-11-26 17:41:42,43.801,87.6005,27.55,80,90,2.24
478,Kununurra,AU,2021-11-26 17:41:43,-15.7667,128.7333,82.38,61,88,5.75
479,Cortez,US,2021-11-26 17:41:43,37.3489,-108.5859,36.36,44,1,0.0
480,Lamar,US,2021-11-26 17:41:43,33.6668,-95.5836,51.96,40,1,4.61
481,Namatanai,PG,2021-11-26 17:41:44,-3.6667,152.4333,79.38,79,68,2.15
482,Tessalit,ML,2021-11-26 17:41:44,20.1986,1.0114,81.86,24,40,8.12
483,Bosaso,SO,2021-11-26 17:39:23,11.2842,49.1816,80.17,76,98,4.07
484,Shingu,JP,2021-11-26 17:41:45,33.7333,135.9833,48.13,61,1,9.08
485,Amazar,RU,2021-11-26 17:41:45,53.858,120.875,1.81,98,75,0.58
486,Kailua,US,2021-11-26 17:41:45,21.4022,-157.7394,73.38,56,1,8.05
487,Artemisa,CU,2021-11-26 17:41:46,22.814,-82.7561,80.78,55,49,10.92
488,Pozo Colorado,PY,2021-11-26 17:41:46,-23.4923,-58.7972,100.35,16,4,7.67
489,Ordu,TR,2021-11-26 17:41:46,40.9086,37.6845,34.3,76,0,7.36
490,Dolinsk,RU,2021-11-26 17:41:47,47.35,142.8,33.66,71,90,14.58
491,Lander,US,2021-11-26 17:41:47,42.833,-108.7307,43.61,42,1,10.36
492,Khatanga,RU,2021-11-26 17:41:48,71.9667,102.5,-0.94,96,99,10.45
493,Viedma,AR,2021-11-26 17:41:48,-40.8135,-62.9967,78.1,27,7,22.44
494,Moroto,UG,2021-11-26 17:41:48,2.5345,34.6666,72.75,53,75,9.1
495,Pokaran,IN,2021-11-26 17:41:48,26.9167,71.9167,71.98,19,0,7.27
496,San Carlos De Bariloche,AR,2021-11-26 17:41:49,-41.1456,-71.3082,64.15,19,40,16.11
497,Belyy Yar,RU,2021-11-26 17:41:49,53.6039,91.3903,12.09,67,0,6.71
498,Rio Gallegos,AR,2021-11-26 17:37:03,-51.6226,-69.2181,66.25,15,40,11.5
499,Yerofey Pavlovich,RU,2021-11-26 17:41:50,53.9667,121.9667,1.42,96,77,2.1
500,Fort Frances,CA,2021-11-26 17:38:34,48.5999,-93.4003,21.42,45,75,12.66
501,Mackenzie,CA,2021-11-26 17:41:50,55.2999,-123.1698,30.42,59,1,9.22
502,Verkh-Chebula,RU,2021-11-26 17:41:51,56.0308,87.6218,5.54,87,81,13.98
503,Gilbues,BR,2021-11-26 17:41:51,-9.8317,-45.3439,82.74,63,73,6.02
504,Port Hawkesbury,CA,2021-11-26 17:37:09,45.6169,-61.3485,49.95,100,90,10.36
505,Eskisehir,TR,2021-11-26 17:41:51,39.7767,30.5206,51.71,82,75,9.22
506,Jilib,SO,2021-11-26 17:42:52,0.4883,42.7854,75.34,91,100,3.62
507,Burnie,AU,2021-11-26 17:42:52,-41.0667,145.9167,50.34,75,88,8.3
508,Gallup,US,2021-11-26 17:42:53,35.5281,-108.7426,36.36,69,1,0.0
509,Willowmore,ZA,2021-11-26 17:42:53,-33.2926,23.4895,72.1,49,100,25.39
510,Peterborough,GB,2021-11-26 17:42:53,52.5736,-0.2478,41.65,81,20,12.66
511,Kirakira,SB,2021-11-26 17:42:54,-10.4544,161.9205,78.37,84,43,3.74
512,Launceston,AU,2021-11-26 17:42:54,-41.45,147.1667,40.64,93,5,5.75
513,Tabatinga,BR,2021-11-26 17:42:54,-4.2525,-69.9381,89.69,70,40,5.75
514,Chirongui,YT,2021-11-26 17:42:55,-12.9319,45.1483,82.33,76,26,9.22
515,Vinh,VN,2021-11-26 17:39:14,18.6667,105.6667,64.85,83,97,4.34
516,Puerto Penasco,MX,2021-11-26 17:42:55,31.3167,-113.5333,70.03,35,0,8.72
517,Nsanje,MW,2021-11-26 17:42:56,-16.92,35.262,75.97,69,99,9.22
518,Guane,CU,2021-11-26 17:42:56,22.2025,-84.0875,82.94,44,70,6.02
519,Newport Beach,US,2021-11-26 17:40:27,33.6189,-117.9289,77.13,14,20,0.0
520,Presidencia Roque Saenz Pena,AR,2021-11-26 17:42:57,-26.7852,-60.4388,95.79,17,0,8.34
521,Alekseyevka,RU,2021-11-26 17:42:57,50.6309,38.6903,28.87,83,5,8.55
522,Gat,IL,2021-11-26 17:42:57,31.61,34.7642,65.08,74,0,5.41
523,Athens,GR,2021-11-26 17:42:08,37.9795,23.7162,53.98,100,20,0.0
524,Olinda,BR,2021-11-26 17:42:58,-8.0089,-34.8553,85.73,66,20,11.5
525,Taganak,PH,2021-11-26 17:42:58,6.0833,118.3,77.14,77,100,7.2
526,Puerto Carreno,CO,2021-11-26 17:41:25,6.189,-67.4859,88.99,57,89,3.67
527,Emporia,US,2021-11-26 17:42:59,38.4039,-96.1817,50.2,37,1,13.8
528,Abonnema,NG,2021-11-26 17:42:59,4.7084,6.7931,80.89,79,50,9.28
529,Tanout,NE,2021-11-26 17:43:00,14.9709,8.8879,82.78,13,1,10.6
530,Balkanabat,TM,2021-11-26 17:41:05,39.5108,54.3671,48.49,44,96,14.36
531,Kapit,MY,2021-11-26 17:43:00,2.0167,112.9333,73.83,99,100,0.81
532,Helong,CN,2021-11-26 17:43:01,42.5397,128.9972,14.22,82,7,5.14
533,Miracatu,BR,2021-11-26 17:43:01,-24.2814,-47.4597,89.02,53,68,12.06
534,Amapa,BR,2021-11-26 17:43:01,1.0,-52.0,83.73,66,77,2.82
535,Cockburn Town,TC,2021-11-26 17:42:54,21.4612,-71.1419,82.36,57,40,8.05
536,Taoudenni,ML,2021-11-26 17:43:02,22.6783,-3.9836,86.43,23,2,7.11
537,Dali,CN,2021-11-26 17:43:02,25.7,100.1833,44.58,77,2,1.48
538,Srednekolymsk,RU,2021-11-26 17:43:02,67.45,153.6833,-33.32,99,15,3.36
539,Sept-Iles,CA,2021-11-26 17:40:02,50.2001,-66.3821,43.32,93,90,3.44
540,Salvador,SV,2021-11-26 17:40:36,13.8333,-88.9167,82.8,53,45,3.6
541,Inhambane,MZ,2021-11-26 17:43:03,-23.865,35.3833,73.38,68,20,4.61
542,Montgomery,US,2021-11-26 17:39:33,39.1501,-77.1997,44.89,41,30,19.53
543,Chumikan,RU,2021-11-26 17:43:04,54.7183,135.315,8.26,94,18,16.11
544,Tezu,IN,2021-11-26 17:43:04,27.9167,96.1667,62.69,58,85,3.76
545,Putina,PE,2021-11-26 17:43:04,-15.4667,-69.4333,52.16,64,94,7.25
546,Sheltozero,RU,2021-11-26 17:43:05,61.3667,35.3667,26.65,85,99,13.58
547,Ihosy,MG,2021-11-26 17:43:05,-22.4,46.1167,63.61,84,95,10.54
548,Bonthe,SL,2021-11-26 17:43:06,7.5264,-12.505,83.01,72,84,8.75
549,Chardara,KZ,2021-11-26 17:43:06,41.2547,67.9692,37.54,62,0,10.2
550,Yaan,NG,2021-11-26 17:43:06,7.3833,8.5667,85.91,21,38,3.27
551,Marsabit,KE,2021-11-26 17:43:07,2.3284,37.9899,68.86,72,98,14.29
552,Ariyalur,IN,2021-11-26 17:44:07,11.1333,79.0833,77.16,96,100,10.76
553,Fare,PF,2021-11-26 17:44:08,-16.7,-151.0167,81.5,72,8,20.71
554,Ardrishaig,GB,2021-11-26 17:44:08,56.0157,-5.4481,42.66,62,49,25.84
555,Usinsk,RU,2021-11-26 17:44:08,65.9939,57.5281,-0.89,95,97,11.83
556,Raton,US,2021-11-26 17:44:09,36.9034,-104.4391,50.61,17,1,6.91
557,Andenes,NO,2021-11-26 17:44:10,69.3143,16.1194,10.38,79,20,5.75
558,Port Hedland,AU,2021-11-26 17:44:10,-20.3167,118.5667,75.25,69,8,8.05
559,Kalabo,ZM,2021-11-26 17:44:10,-14.97,22.6814,76.51,52,53,5.32
560,Caarapo,BR,2021-11-26 17:44:11,-22.6342,-54.8222,87.78,53,34,12.97
561,Kaliua,TZ,2021-11-26 17:44:11,-5.0606,31.7936,68.34,88,38,5.26
562,Ujjain,IN,2021-11-26 17:44:11,23.1833,75.7667,68.88,38,0,4.29
563,Zalantun,CN,2021-11-26 17:44:12,48.0,122.7167,10.78,91,55,2.48
564,Asuncion Nochixtlan,MX,2021-11-26 17:44:12,17.4667,-97.2333,60.78,56,66,9.98
565,Barra Da Estiva,BR,2021-11-26 17:44:12,-13.6261,-41.3269,77.05,51,97,6.13
566,Bahia Blanca,AR,2021-11-26 17:44:13,-38.7196,-62.2724,84.63,29,0,15.32
567,Itoman,JP,2021-11-26 17:44:13,26.1247,127.6694,68.02,73,75,12.66
568,Heihe,CN,2021-11-26 17:44:13,50.2441,127.4902,7.38,94,14,3.51
569,Portknockie,GB,2021-11-26 17:44:14,57.7025,-2.8599,40.78,76,100,54.67
570,Atherton,GB,2021-11-26 17:41:38,53.5237,-2.4935,44.15,60,45,18.39
571,Bilma,NE,2021-11-26 17:44:14,18.6853,12.9164,81.3,15,0,7.0
572,Dzaoudzi,YT,2021-11-26 17:44:15,-12.7887,45.2699,82.29,83,20,9.22
573,Winslow,US,2021-11-26 17:44:15,35.0242,-110.6974,37.58,35,1,0.0
574,Aquiraz,BR,2021-11-26 17:44:15,-3.9014,-38.3911,87.89,59,58,13.18
575,Zambezi,ZM,2021-11-26 17:44:16,-13.5432,23.1047,66.94,89,79,4.94
576,Korla,CN,2021-11-26 17:44:16,41.7597,86.1469,31.05,47,54,10.63
